KIC,TIC,MSE,Composite Function
6231538,171090898,2.728199734894088e-05,f(t) = 0.0008 * sin(2π * 12.2731 * t + -0.8781) + 0.8989 + 0.0001 * sin(2π * 14.7227 * t + 0.3337) + 0.1011
6606229,63006029,1.6054900944801757e-05,f(t) = 0.0003 * sin(2π * 3.5234 * t + 0.7509) + 0.0615 + 0.0003 * sin(2π * 4.1820 * t + 3.7925) + 0.0603 + 0.0007 * sin(2π * 4.8207 * t + 5.0931) + 0.1371 + 0.0021 * sin(2π * 6.4079 * t + 1.6559) + 0.4250 + 0.0003 * sin(2π * 6.8821 * t + -0.5423) + 0.0645 + 0.0013 * sin(2π * 7.8092 * t + 0.4562) + 0.2516
6963490,271964023,0.000430602,f(t) = 0.0008 * sin(2π * 6.7104 * t + -2.1786) + 0.0690 + 0.0067 * sin(2π * 7.1409 * t + -3.0080) + 0.5623 + 0.0026 * sin(2π * 7.5708 * t + -2.0344) + 0.2201 + 0.0018 * sin(2π * 11.3766 * t + 0.1886) + 0.1498
7300184,272708257,0.000451314,f(t) = 0.0024 * sin(2π * 11.6574 * t + 2.4430) + 0.8681 + 0.0004 * sin(2π * 20.7635 * t + 2.7854) + 0.1330
7900367,271348878,7.642231463172946e-06,f(t) = 0.0003 * sin(2π * 7.7889 * t + -2.8246) + 0.1686 + 0.0013 * sin(2π * 13.2494 * t + -3.5079) + 0.8314
7915515,268485512,9.722062779574335e-07,f(t) = 0.0001 * sin(2π * 12.1979 * t + 2.7378) + 0.2081 + 0.0000 * sin(2π * 12.5686 * t + 0.6892) + 0.0518 + 0.0000 * sin(2π * 12.8995 * t + -2.1090) + 0.0777 + 0.0000 * sin(2π * 14.4652 * t + -3.0704) + 0.0689 + 0.0000 * sin(2π * 14.7941 * t + 5.5575) + 0.0968 + 0.0000 * sin(2π * 15.1242 * t + -0.2302) + 0.4967
9851822,268387233,9.144940836427963e-06,f(t) = 0.0005 * sin(2π * 14.6513 * t + 1.8123) + 1.0000
10350769,272078133,2.0485713673638656e-06,f(t) = 0.0001 * sin(2π * 1.0093 * t + 1.5813) + 0.1475 + 0.0001 * sin(2π * 1.5662 * t + -2.6710) + 0.1702 + 0.0005 * sin(2π * 3.1318 * t + 2.2954) + 0.6822
10355055,273129116,1.5604714161203191e-06,f(t) = 0.0007 * sin(2π * 18.6817 * t + -1.2062) + 0.1820 + 0.0003 * sin(2π * 19.5760 * t + -1.6928) + 0.0847 + 0.0030 * sin(2π * 22.0843 * t + -0.1981) + 0.7333
10415087,271878019,0.000788751,f(t) = 0.0098 * sin(2π * 7.2323 * t + -0.6744) + 1.0016
11027806,417660696,3.854191406348305e-07,f(t) = 0.0000 * sin(2π * 2.8232 * t + -0.2590) + 0.2112 + 0.0000 * sin(2π * 3.6886 * t + 0.4054) + 0.0632 + 0.0000 * sin(2π * 4.5119 * t + 0.7697) + 0.0570 + 0.0000 * sin(2π * 5.3166 * t + -3.3327) + 0.5248 + 0.0000 * sin(2π * 7.7889 * t + -3.0244) + 0.1439
11769929,27396935,0.000374686,f(t) = 0.0030 * sin(2π * 10.1167 * t + 0.9473) + 0.5458 + 0.0003 * sin(2π * 10.4673 * t + -1.9410) + 0.0579 + 0.0004 * sin(2π * 13.5992 * t + 2.8051) + 0.0797 + 0.0003 * sin(2π * 15.2481 * t + -0.7452) + 0.0595 + 0.0009 * sin(2π * 16.2166 * t + -1.3774) + 0.1709 + 0.0005 * sin(2π * 17.8437 * t + 2.9079) + 0.0867
12216817,27639466,0.000240888,f(t) = 0.0045 * sin(2π * 3.6175 * t + -2.4268) + 0.2151 + 0.0028 * sin(2π * 5.6983 * t + 2.8200) + 0.1358 + 0.0018 * sin(2π * 6.6288 * t + 1.6763) + 0.0863 + 0.0117 * sin(2π * 8.1201 * t + -0.1370) + 0.5633
1849235,120761974,0.000505195,f(t) = 0.0032 * sin(2π * 6.2639 * t + -0.8843) + 0.7432 + 0.0011 * sin(2π * 6.6556 * t + 0.5457) + 0.2576
3424493,120426180,8.38353404529866e-06,f(t) = 0.0076 * sin(2π * 2.7094 * t + -0.9709) + 1.0003
3648131,137483924,3.986775750935869e-06,f(t) = 0.0003 * sin(2π * 15.4127 * t + -0.2140) + 0.8266 + 0.0001 * sin(2π * 20.2335 * t + 4.6074) + 0.1734
3965879,378012175,1.587535976637762e-05,f(t) = 0.0107 * sin(2π * 6.5374 * t + -1.4500) + 1.0001
4072890,184014237,1.8461488781629558e-07,f(t) = 0.0001 * sin(2π * 6.6980 * t + 3.4168) + 1.0000
8264404,185058038,1.374041512593399e-05,f(t) = 0.0008 * sin(2π * 1.3403 * t + -0.2845) + 0.0809 + 0.0007 * sin(2π * 1.8688 * t + -3.5778) + 0.0701 + 0.0009 * sin(2π * 3.1751 * t + 3.7780) + 0.0933 + 0.0005 * sin(2π * 7.9461 * t + 3.5952) + 0.0509 + 0.0046 * sin(2π * 9.3963 * t + -4.1382) + 0.4570 + 0.0018 * sin(2π * 10.7417 * t + -1.9126) + 0.1759 + 0.0007 * sin(2π * 12.6049 * t + -5.9204) + 0.0715
8330102,185058529,1.7163865697114557e-05,f(t) = 0.0003 * sin(2π * 15.9598 * t + -0.6755) + 0.0859 + 0.0020 * sin(2π * 17.3285 * t + -1.3861) + 0.6075 + 0.0005 * sin(2π * 19.0369 * t + -0.0928) + 0.1461 + 0.0003 * sin(2π * 21.1882 * t + 0.2458) + 0.0778 + 0.0003 * sin(2π * 22.9326 * t + -0.4419) + 0.0828
8453431,268305223,1.0292787160940168e-05,f(t) = 0.0001 * sin(2π * 13.8676 * t + -1.5735) + 0.6106 + 0.0001 * sin(2π * 22.1506 * t + -3.1406) + 0.3894
8493159,159579441,0.000275386,f(t) = 0.0001 * sin(2π * 5.5837 * t + 1.4221) + 0.1060 + 0.0006 * sin(2π * 7.3146 * t + 3.3227) + 0.4999 + 0.0002 * sin(2π * 8.2215 * t + 0.9958) + 0.1738 + 0.0001 * sin(2π * 11.6008 * t + -2.2537) + 0.0675 + 0.0002 * sin(2π * 13.3317 * t + -1.1843) + 0.0609 + 0.0001 * sin(2π * 14.8561 * t + -1.6541) + 0.0928
8585472,269038198,6.921414063530273e-06,f(t) = 0.0000 * sin(2π * 2.6585 * t + -1.9311) + 0.0724 + 0.0000 * sin(2π * 7.2740 * t + -2.9454) + 0.0832 + 0.0000 * sin(2π * 10.0341 * t + 3.7754) + 0.1608 + 0.0001 * sin(2π * 12.5283 * t + -1.9395) + 0.6835
8845312,239288923,3.877857392343062e-05,f(t) = 0.0000 * sin(2π * 1.3599 * t + 1.5191) + 0.1086 + 0.0000 * sin(2π * 5.3782 * t + -2.3694) + 0.0519 + 0.0002 * sin(2π * 6.2431 * t + 0.8506) + 0.5045 + 0.0000 * sin(2π * 6.5935 * t + -0.5811) + 0.0948 + 0.0001 * sin(2π * 7.6034 * t + 0.5154) + 0.2398
9050337,239235401,1.278727798320224e-06,f(t) = 0.0001 * sin(2π * 17.5553 * t + 1.4371) + 0.9086 + 0.0000 * sin(2π * 23.4075 * t + -0.2968) + 0.0914
4544967,120691259,1.0622016895593846e-06,f(t) = 0.0028 * sin(2π * 16.1337 * t + 1.5379) + 0.7745 + 0.0008 * sin(2π * 20.8939 * t + -1.0681) + 0.2257
4569150,138424189,1.5658818124683432e-05,f(t) = 0.0003 * sin(2π * 9.7047 * t + 1.0273) + 0.3114 + 0.0003 * sin(2π * 10.8798 * t + -0.6887) + 0.3080 + 0.0000 * sin(2π * 11.3323 * t + 2.8194) + 0.0314 + 0.0001 * sin(2π * 12.1572 * t + 0.4931) + 0.0702 + 0.0003 * sin(2π * 13.5999 * t + -2.4034) + 0.2791
4577647,184165058,0.000119646,f(t) = 0.0009 * sin(2π * 7.3569 * t + -6.2832) + 0.3301 + 0.0004 * sin(2π * 7.6647 * t + 0.5268) + 0.1340 + 0.0015 * sin(2π * 9.2307 * t + 0.8241) + 0.5367
4940217,184296301,5.847455076524357e-05,f(t) = 0.0021 * sin(2π * 5.2816 * t + 2.7837) + 0.9996
5108514,377908936,2.7747060777765383e-05,f(t) = 0.0002 * sin(2π * 4.1054 * t + -3.3346) + 0.0521 + 0.0002 * sin(2π * 4.7984 * t + -2.9274) + 0.0374 + 0.0011 * sin(2π * 5.8137 * t + 1.6672) + 0.2559 + 0.0017 * sin(2π * 7.0027 * t + 3.8351) + 0.2847 + 0.0002 * sin(2π * 7.5101 * t + 1.9487) + 0.0500 + 0.0002 * sin(2π * 9.1176 * t + 4.2835) + 0.0370 + 0.0007 * sin(2π * 10.1523 * t + -1.2099) + 0.1599 + 0.0002 * sin(2π * 12.6199 * t + -1.4198) + 0.0417 + 0.0002 * sin(2π * 13.4919 * t + 2.7574) + 0.0382 + 0.0002 * sin(2π * 14.0055 * t + 3.1190) + 0.0430
5358323,122446255,7.794392528478945e-07,f(t) = 0.0000 * sin(2π * 2.3289 * t + -1.6671) + 0.0882 + 0.0000 * sin(2π * 7.9748 * t + -2.6627) + 0.0660 + 0.0000 * sin(2π * 8.6952 * t + -0.9519) + 0.2070 + 0.0001 * sin(2π * 12.8987 * t + -1.5676) + 0.6389
5900260,170244425,1.8381268243517577e-06,f(t) = 0.0000 * sin(2π * 8.7159 * t + 0.3065) + 0.0545 + 0.0000 * sin(2π * 12.5687 * t + 1.1999) + 0.0469 + 0.0001 * sin(2π * 13.4141 * t + -2.3630) + 0.2518 + 0.0000 * sin(2π * 14.6291 * t + 2.6836) + 0.0592 + 0.0000 * sin(2π * 16.5661 * t + 1.9354) + 0.1072 + 0.0001 * sin(2π * 17.3282 * t + 6.0539) + 0.3849 + 0.0000 * sin(2π * 17.6796 * t + -3.7517) + 0.0456 + 0.0000 * sin(2π * 18.0703 * t + 2.7511) + 0.0499
9051991,239309341,5.140571801742971e-05,f(t) = 0.0001 * sin(2π * 9.7045 * t + 0.9754) + 0.0918 + 0.0008 * sin(2π * 10.3849 * t + 1.2263) + 0.6944 + 0.0001 * sin(2π * 12.5071 * t + 0.9916) + 0.0968 + 0.0001 * sin(2π * 13.0638 * t + -1.7622) + 0.1171
9306095,239277753,0.001187857,f(t) = 0.0302 * sin(2π * 10.1743 * t + 3.6719) + 0.8957 + 0.0037 * sin(2π * 20.3431 * t + 1.6372) + 0.1089
9368220,239287032,5.086116859453627e-05,f(t) = 0.0005 * sin(2π * 4.3683 * t + -0.2993) + 0.0464 + 0.0005 * sin(2π * 4.7397 * t + -3.9750) + 0.0489 + 0.0030 * sin(2π * 5.3981 * t + 0.9085) + 0.2928 + 0.0003 * sin(2π * 5.8310 * t + 3.2806) + 0.0306 + 0.0011 * sin(2π * 6.5110 * t + 1.3463) + 0.1093 + 0.0012 * sin(2π * 7.0672 * t + 2.8392) + 0.1239 + 0.0009 * sin(2π * 8.9636 * t + -4.0268) + 0.0869 + 0.0005 * sin(2π * 9.3347 * t + -4.4653) + 0.0471 + 0.0011 * sin(2π * 13.5375 * t + 2.5263) + 0.1133 + 0.0010 * sin(2π * 14.8147 * t + 3.6749) + 0.1011
9368524,239310669,0.000135972,f(t) = 0.0002 * sin(2π * 5.5510 * t + -1.9898) + 0.1334 + 0.0001 * sin(2π * 6.0168 * t + 0.8595) + 0.0926 + 0.0008 * sin(2π * 10.5113 * t + -2.5071) + 0.5731 + 0.0002 * sin(2π * 10.8330 * t + -0.3771) + 0.1220 + 0.0001 * sin(2π * 12.2850 * t + -1.8342) + 0.0789
9649801,63129522,4.628201421956988e-06,f(t) = 0.0001 * sin(2π * 12.3434 * t + -2.7203) + 0.0767 + 0.0002 * sin(2π * 14.4037 * t + -3.4568) + 0.2994 + 0.0000 * sin(2π * 14.9388 * t + 2.0506) + 0.0483 + 0.0000 * sin(2π * 16.7316 * t + -0.0111) + 0.0636 + 0.0001 * sin(2π * 17.0405 * t + 0.6316) + 0.0968 + 0.0000 * sin(2π * 17.3706 * t + -0.3606) + 0.0358 + 0.0001 * sin(2π * 18.8542 * t + -2.8073) + 0.1858 + 0.0001 * sin(2π * 19.3062 * t + 1.5634) + 0.0857 + 0.0001 * sin(2π * 21.2030 * t + -3.6865) + 0.0759 + 0.0000 * sin(2π * 24.1905 * t + -1.3077) + 0.0321
9775887,270854435,0.000327358,f(t) = 0.0018 * sin(2π * 1.4311 * t + 2.4793) + 1.0001
9532219,270957217,3.709470270413626e-05,f(t) = 0.0373 * sin(2π * 10.0931 * t + -2.8146) + 0.8162 + 0.0080 * sin(2π * 20.1862 * t + -4.0778) + 0.1763
9594189,270957420,7.69300924381438e-05,f(t) = 0.0045 * sin(2π * 2.1871 * t + 2.0693) + 0.8215 + 0.0010 * sin(2π * 4.3735 * t + 0.6460) + 0.1786
9897710,271166082,1.4724557974477311e-05,f(t) = 0.0007 * sin(2π * 4.7028 * t + -3.0743) + 0.9996
9717148,271165486,5.4932922509705e-05,f(t) = 0.0067 * sin(2π * 1.0101 * t + -1.7421) + 0.8365 + 0.0013 * sin(2π * 2.0294 * t + 1.4728) + 0.1632
2581626,137817459,4.395606488288964e-05,f(t) = 0.0078 * sin(2π * 5.3587 * t + 4.6138) + 0.0818 + 0.0719 * sin(2π * 18.1397 * t + -2.4404) + 0.7565 + 0.0157 * sin(2π * 23.4985 * t + -6.2832) + 0.1658
2972514,120971391,0.000544861,f(t) = 0.0233 * sin(2π * 1.9863 * t + -5.4351) + 0.0798 + 0.2031 * sin(2π * 3.9723 * t + -1.0573) + 0.6967 + 0.0508 * sin(2π * 7.9446 * t + -6.2832) + 0.1742
3119295,137349576,0.000208743,f(t) = 0.0226 * sin(2π * 2.2744 * t + -1.7001) + 0.1058 + 0.1545 * sin(2π * 4.5486 * t + -0.6793) + 0.7225 + 0.0301 * sin(2π * 9.0972 * t + -6.2832) + 0.1409
3953144,137093521,1.1350824914227163e-05,f(t) = 0.0014 * sin(2π * 9.0579 * t + -6.2832) + 0.0895 + 0.0076 * sin(2π * 9.8472 * t + 4.6342) + 0.4929 + 0.0033 * sin(2π * 15.1113 * t + 3.1887) + 0.2129 + 0.0014 * sin(2π * 15.5117 * t + -6.2832) + 0.0938 + 0.0017 * sin(2π * 18.3371 * t + -6.2832) + 0.1110
4036687,120416883,0.000427527,f(t) = 0.1254 * sin(2π * 6.6717 * t + 6.2832) + 0.9870
4066203,138478876,1.3091828308026429e-05,f(t) = 0.0035 * sin(2π * 2.7586 * t + 3.5867) + 0.1196 + 0.0258 * sin(2π * 5.5165 * t + -4.6934) + 0.8805
4243668,120573431,7.03208278303732e-06,f(t) = 0.0030 * sin(2π * 2.6082 * t + -6.2832) + 0.2928 + 0.0073 * sin(2π * 5.2215 * t + -3.7902) + 0.7070
4374279,138477887,9.07575133581655e-05,f(t) = 0.0641 * sin(2π * 5.8951 * t + -3.8286) + 0.9946
4466691,137552644,0.00015982,f(t) = 0.0227 * sin(2π * 2.0720 * t + 3.9219) + 0.2593 + 0.0581 * sin(2π * 4.1443 * t + 6.2832) + 0.6628 + 0.0062 * sin(2π * 8.2880 * t + -6.1175) + 0.0703
4547067,121019462,6.27900918494547e-06,f(t) = 0.0043 * sin(2π * 2.4535 * t + -0.1831) + 0.1774 + 0.0200 * sin(2π * 4.9071 * t + -6.2832) + 0.8225
4651526,122603796,0.000175293,f(t) = 0.0070 * sin(2π * 3.3406 * t + -5.8609) + 0.1326 + 0.0456 * sin(2π * 6.7086 * t + 6.2832) + 0.8667
4995588,120895453,1.5318303333456129e-06,f(t) = 0.0032 * sin(2π * 23.1545 * t + -0.8713) + 0.4203 + 0.0044 * sin(2π * 23.7492 * t + -0.3338) + 0.5797
5027750,184296181,5.1816864998279935e-06,f(t) = 0.0029 * sin(2π * 11.7099 * t + -6.2832) + 1.0000
5284701,377916766,9.21489143735026e-07,f(t) = 0.0009 * sin(2π * 19.3325 * t + 0.5407) + 0.3714 + 0.0005 * sin(2π * 23.2792 * t + 5.2236) + 0.2338 + 0.0009 * sin(2π * 24.4501 * t + 6.2832) + 0.3948
5286485,138960995,7.479217476934215e-07,f(t) = 0.0049 * sin(2π * 7.6790 * t + -6.2832) + 0.4666 + 0.0057 * sin(2π * 10.0908 * t + 6.2832) + 0.5335
5353653,121864797,1.2406073682306084e-05,f(t) = 0.0030 * sin(2π * 2.7136 * t + 6.2832) + 0.1882 + 0.0131 * sin(2π * 5.4266 * t + 1.2331) + 0.8118
5357882,122441468,6.685618587634009e-05,f(t) = 0.0049 * sin(2π * 2.5318 * t + -6.2832) + 0.1269 + 0.0335 * sin(2π * 5.1627 * t + 6.2832) + 0.8733
5534340,137406555,8.43890009732684e-05,f(t) = 0.0018 * sin(2π * 5.4608 * t + -6.2832) + 0.0854 + 0.0127 * sin(2π * 6.0199 * t + -3.4192) + 0.6003 + 0.0015 * sin(2π * 7.6971 * t + 0.4411) + 0.0703 + 0.0021 * sin(2π * 9.8275 * t + -4.0610) + 0.0999 + 0.0031 * sin(2π * 10.8214 * t + -3.0161) + 0.1444
5707205,137556287,2.907947332606431e-06,f(t) = 0.0008 * sin(2π * 8.3182 * t + 2.6840) + 0.0464 + 0.0015 * sin(2π * 8.8000 * t + -1.0389) + 0.0909 + 0.0041 * sin(2π * 9.6490 * t + 4.6503) + 0.2443 + 0.0011 * sin(2π * 10.6048 * t + -0.1017) + 0.0638 + 0.0040 * sin(2π * 10.9591 * t + -5.5532) + 0.2355 + 0.0016 * sin(2π * 13.0461 * t + -6.2832) + 0.0921 + 0.0014 * sin(2π * 13.6022 * t + -6.2832) + 0.0848 + 0.0007 * sin(2π * 13.9085 * t + -6.2832) + 0.0389 + 0.0018 * sin(2π * 16.3903 * t + -6.2832) + 0.1034
5788165,122708315,1.0320408755486022e-06,f(t) = 0.0009 * sin(2π * 17.8743 * t + -6.2832) + 1.0000
6304420,169085238,5.768083107198354e-07,f(t) = 0.0015 * sin(2π * 16.9617 * t + 2.6417) + 0.4148 + 0.0021 * sin(2π * 18.5343 * t + -2.1461) + 0.5852
6442207,137211662,0.000299542,f(t) = 0.0159 * sin(2π * 2.2040 * t + 1.4147) + 0.0862 + 0.1397 * sin(2π * 4.4077 * t + 6.2832) + 0.7554 + 0.0249 * sin(2π * 8.8149 * t + -6.2832) + 0.1345
6444630,137558846,0.000122764,f(t) = 0.0082 * sin(2π * 3.0178 * t + -6.2832) + 0.1612 + 0.0426 * sin(2π * 6.0304 * t + -1.5655) + 0.8392
6778487,63122689,0.000103317,f(t) = 0.0927 * sin(2π * 5.0735 * t + -5.8301) + 0.9941
6836820,123315246,0.000216734,f(t) = 0.1602 * sin(2π * 4.4816 * t + 3.6898) + 0.8535 + 0.0225 * sin(2π * 8.9635 * t + -5.7814) + 0.1199
6955650,270781184,2.8852004454817548e-05,f(t) = 0.0079 * sin(2π * 1.8960 * t + -3.8214) + 0.1144 + 0.0607 * sin(2π * 3.7927 * t + 1.7245) + 0.8827
7048016,271959957,3.484686045291798e-06,f(t) = 0.0003 * sin(2π * 10.3191 * t + -5.5542) + 0.0579 + 0.0003 * sin(2π * 10.7495 * t + -2.4958) + 0.0490 + 0.0020 * sin(2π * 15.9207 * t + 6.2832) + 0.3445 + 0.0003 * sin(2π * 17.6044 * t + -6.2832) + 0.0472 + 0.0009 * sin(2π * 18.1169 * t + 3.3296) + 0.1487 + 0.0010 * sin(2π * 19.9029 * t + 1.8352) + 0.1789 + 0.0005 * sin(2π * 20.3526 * t + 3.2136) + 0.0792 + 0.0005 * sin(2π * 20.7206 * t + 0.0189) + 0.0946
7124161,270705780,3.181638114761886e-05,f(t) = 0.0072 * sin(2π * 2.3437 * t + 4.7686) + 0.2090 + 0.0272 * sin(2π * 4.6864 * t + -6.0640) + 0.7909
7347529,158218581,0.000100984,f(t) = 0.0068 * sin(2π * 11.6481 * t + 6.2832) + 1.0004
7521682,159180575,0.00018954,f(t) = 0.1170 * sin(2π * 5.6083 * t + -3.9570) + 0.8776 + 0.0145 * sin(2π * 11.2167 * t + -6.2832) + 0.1087
7601767,159180458,0.000123156,f(t) = 0.1040 * sin(2π * 4.1093 * t + 6.2832) + 0.8585 + 0.0152 * sin(2π * 8.2181 * t + -6.2832) + 0.1256
7617649,271261559,0.000338815,f(t) = 0.1853 * sin(2π * 5.4288 * t + -4.4989) + 0.8249 + 0.0327 * sin(2π * 10.8581 * t + -6.2832) + 0.1454
7668283,158170080,4.513708069117361e-06,f(t) = 0.0036 * sin(2π * 1.8599 * t + -6.2832) + 0.1541 + 0.0176 * sin(2π * 3.7211 * t + -4.8423) + 0.7596 + 0.0020 * sin(2π * 5.5823 * t + -0.5246) + 0.0874
7750215,159523535,3.420743165344581e-06,f(t) = 0.0032 * sin(2π * 16.2788 * t + 6.2832) + 1.0000
7905603,272488230,6.038138192663844e-05,f(t) = 0.0044 * sin(2π * 7.9819 * t + -6.2832) + 0.1348 + 0.0027 * sin(2π * 8.4601 * t + -6.2832) + 0.0837 + 0.0085 * sin(2π * 13.4830 * t + -6.2832) + 0.2601 + 0.0029 * sin(2π * 16.2335 * t + -6.2832) + 0.0878 + 0.0141 * sin(2π * 18.2096 * t + -6.2832) + 0.4339
7937097,123230546,0.001994831,f(t) = 0.0132 * sin(2π * 2.3467 * t + -5.8741) + 0.1062 + 0.1108 * sin(2π * 4.6877 * t + 2.0280) + 0.8898
7948091,158385112,8.62809142263776e-05,f(t) = 0.0089 * sin(2π * 3.3578 * t + -6.2832) + 0.1343 + 0.0506 * sin(2π * 6.7150 * t + -6.2832) + 0.7608 + 0.0066 * sin(2π * 13.4321 * t + -6.2832) + 0.0985
7984934,268605212,1.5998805376310345e-05,f(t) = 0.0040 * sin(2π * 3.4440 * t + -6.2832) + 0.1159 + 0.0262 * sin(2π * 6.8889 * t + 5.5845) + 0.7595 + 0.0042 * sin(2π * 13.7773 * t + -6.2832) + 0.1210
8052082,268160106,9.504994810619172e-07,f(t) = 0.0014 * sin(2π * 18.3626 * t + -6.2832) + 0.5278 + 0.0012 * sin(2π * 20.6473 * t + 3.1864) + 0.4722
8087649,158629263,5.1037399657257646e-05,f(t) = 0.0210 * sin(2π * 2.0833 * t + -6.2832) + 0.2690 + 0.0566 * sin(2π * 4.1674 * t + 5.5368) + 0.7237
8090059,158931236,1.144967890284222e-06,f(t) = 0.0079 * sin(2π * 18.3604 * t + -4.2581) + 1.0000
8144212,123410840,4.7552471233068e-07,f(t) = 0.0010 * sin(2π * 8.3946 * t + -0.3423) + 0.2167 + 0.0010 * sin(2π * 8.9260 * t + -6.2832) + 0.2288 + 0.0015 * sin(2π * 9.3307 * t + 4.5404) + 0.3190 + 0.0011 * sin(2π * 12.1871 * t + 6.2832) + 0.2355
8150307,164884019,6.71139342330844e-07,f(t) = 0.0012 * sin(2π * 13.7145 * t + -6.2832) + 0.1953 + 0.0050 * sin(2π * 14.7137 * t + -6.2832) + 0.8047
8245366,271968997,0.000600348,f(t) = 0.0012 * sin(2π * 7.1032 * t + 0.6753) + 0.0481 + 0.0023 * sin(2π * 7.9554 * t + -0.6237) + 0.0908 + 0.0019 * sin(2π * 8.3069 * t + -5.9802) + 0.0750 + 0.0018 * sin(2π * 9.0478 * t + -6.2832) + 0.0731 + 0.0065 * sin(2π * 10.2890 * t + -6.2832) + 0.2593 + 0.0115 * sin(2π * 11.9397 * t + -4.4250) + 0.4554
8248967,272718552,0.000387803,f(t) = 0.1647 * sin(2π * 3.3755 * t + 6.1031) + 0.8733 + 0.0205 * sin(2π * 6.7524 * t + -6.2832) + 0.1090
8249829,273037722,6.564481883509203e-07,f(t) = 0.0004 * sin(2π * 1.8939 * t + 2.2958) + 0.0932 + 0.0030 * sin(2π * 16.8012 * t + -6.2832) + 0.7416 + 0.0004 * sin(2π * 17.4445 * t + -5.4796) + 0.0905 + 0.0003 * sin(2π * 23.6070 * t + -6.2832) + 0.0748
8315263,272940294,1.3027699237736735e-05,f(t) = 0.0079 * sin(2π * 13.2338 * t + -2.3230) + 0.4694 + 0.0036 * sin(2π * 13.8749 * t + -6.2832) + 0.2130 + 0.0020 * sin(2π * 15.7766 * t + -6.2832) + 0.1179 + 0.0017 * sin(2π * 17.7122 * t + -6.2832) + 0.1032 + 0.0016 * sin(2π * 18.1481 * t + -6.2832) + 0.0968
8393922,239290977,1.4469908460983377e-06,f(t) = 0.0021 * sin(2π * 13.0804 * t + -6.2832) + 0.4076 + 0.0008 * sin(2π * 14.8351 * t + -6.2832) + 0.1598 + 0.0010 * sin(2π * 18.2757 * t + -0.0446) + 0.2009 + 0.0012 * sin(2π * 21.4703 * t + -6.2832) + 0.2318
8516900,268158003,4.588566367476509e-06,f(t) = 0.0016 * sin(2π * 10.8696 * t + -5.5135) + 0.1193 + 0.0016 * sin(2π * 11.5497 * t + -6.2832) + 0.1140 + 0.0017 * sin(2π * 12.3025 * t + -6.2832) + 0.1221 + 0.0040 * sin(2π * 12.8894 * t + -6.2832) + 0.2903 + 0.0032 * sin(2π * 16.3541 * t + -6.2832) + 0.2322 + 0.0017 * sin(2π * 19.8301 * t + -6.2832) + 0.1222
8648251,268609074,1.1089279362181254e-06,f(t) = 0.0063 * sin(2π * 15.1183 * t + 2.1982) + 0.5007 + 0.0062 * sin(2π * 19.5100 * t + 6.2832) + 0.4993
8649814,268928742,7.82286109737286e-06,f(t) = 0.0010 * sin(2π * 1.6175 * t + -6.2832) + 0.0447 + 0.0070 * sin(2π * 7.5984 * t + -3.8293) + 0.3173 + 0.0018 * sin(2π * 9.0222 * t + -6.2832) + 0.0837 + 0.0050 * sin(2π * 9.5512 * t + -6.2832) + 0.2276 + 0.0007 * sin(2π * 9.9281 * t + -6.2832) + 0.0336 + 0.0020 * sin(2π * 11.2959 * t + -6.2832) + 0.0892 + 0.0045 * sin(2π * 15.5991 * t + -6.2832) + 0.2041
8960514,271043710,3.019277228032169e-06,f(t) = 0.0004 * sin(2π * 2.1244 * t + 6.2832) + 0.1017 + 0.0038 * sin(2π * 6.6957 * t + 6.2832) + 0.8985
8963394,271664919,0.000327704,f(t) = 0.1634 * sin(2π * 5.3657 * t + -1.6143) + 0.8871 + 0.0172 * sin(2π * 10.7319 * t + -6.2832) + 0.0933
9075949,279912576,0.00120295,f(t) = 0.1403 * sin(2π * 5.6890 * t + 6.2832) + 0.9891
9077483,158274403,0.000177477,f(t) = 0.0207 * sin(2π * 2.6678 * t + 4.9752) + 0.1130 + 0.1441 * sin(2π * 5.3639 * t + 4.5842) + 0.7861 + 0.0155 * sin(2π * 10.7279 * t + -2.0596) + 0.0843
9137819,164522837,0.000521446,f(t) = 0.1970 * sin(2π * 3.6556 * t + 1.9644) + 0.8538 + 0.0360 * sin(2π * 7.3117 * t + -6.2832) + 0.1561
9202969,164654565,2.8535037115325614e-05,f(t) = 0.0472 * sin(2π * 4.9739 * t + 6.2832) + 0.9998
9214444,159302678,9.006160651262344e-07,f(t) = 0.0003 * sin(2π * 17.6051 * t + -6.2832) + 0.1327 + 0.0002 * sin(2π * 17.9614 * t + -6.2832) + 0.0824 + 0.0005 * sin(2π * 20.2370 * t + 2.8139) + 0.2256 + 0.0003 * sin(2π * 20.7552 * t + -4.0670) + 0.1258 + 0.0002 * sin(2π * 21.2581 * t + -6.2832) + 0.0797 + 0.0006 * sin(2π * 21.6426 * t + -6.2832) + 0.2491 + 0.0003 * sin(2π * 23.3317 * t + -6.2832) + 0.1048
9364179,268612326,8.444653793661976e-06,f(t) = 0.0013 * sin(2π * 29.2347 * t + 3.8187) + 0.2166 + 0.0012 * sin(2π * 30.0273 * t + -6.2832) + 0.1993 + 0.0035 * sin(2π * 30.7392 * t + 6.2832) + 0.5841
9594857,271041674,0.000282083,f(t) = 0.0016 * sin(2π * 4.3228 * t + -3.9099) + 0.0723 + 0.0036 * sin(2π * 6.0567 * t + 1.6596) + 0.1600 + 0.0027 * sin(2π * 6.8692 * t + 4.5008) + 0.1198 + 0.0029 * sin(2π * 7.4479 * t + 2.6925) + 0.1310 + 0.0115 * sin(2π * 9.9572 * t + -2.1630) + 0.5170
9614153,239311449,1.0215392455335514e-06,f(t) = 0.0027 * sin(2π * 13.2248 * t + -6.2832) + 0.6259 + 0.0016 * sin(2π * 14.8854 * t + 1.2010) + 0.3741
9700322,158324703,0.000731331,f(t) = 0.0106 * sin(2π * 9.7948 * t + -3.6860) + 0.4429 + 0.0114 * sin(2π * 12.5697 * t + -1.5341) + 0.4795 + 0.0019 * sin(2π * 22.3636 * t + 1.6183) + 0.0800
9706609,159391201,5.553339912153716e-07,f(t) = 0.0002 * sin(2π * 5.8572 * t + 1.7192) + 0.1640 + 0.0003 * sin(2π * 7.0533 * t + -6.2832) + 0.2457 + 0.0005 * sin(2π * 7.3760 * t + 1.3605) + 0.3978 + 0.0002 * sin(2π * 8.0077 * t + 0.4596) + 0.1924
9724292,272844734,3.0251483039051102e-06,f(t) = 0.0026 * sin(2π * 11.1746 * t + -6.2832) + 0.1900 + 0.0011 * sin(2π * 11.5711 * t + -6.2832) + 0.0835 + 0.0015 * sin(2π * 12.0855 * t + -6.2832) + 0.1134 + 0.0008 * sin(2π * 12.4868 * t + -6.2832) + 0.0605 + 0.0016 * sin(2π * 13.1665 * t + -3.5145) + 0.1198 + 0.0011 * sin(2π * 13.4832 * t + -1.0722) + 0.0774 + 0.0035 * sin(2π * 13.8122 * t + -6.2832) + 0.2598 + 0.0005 * sin(2π * 14.4690 * t + -6.2832) + 0.0353 + 0.0004 * sin(2π * 15.5477 * t + -6.2832) + 0.0314 + 0.0004 * sin(2π * 16.0348 * t + -6.2832) + 0.0290
9942562,158490507,1.521868749426341e-07,f(t) = 0.0009 * sin(2π * 6.8178 * t + 5.5422) + 0.9999
10451090,123494120,1.6405357038011054e-06,f(t) = 0.0010 * sin(2π * 29.1615 * t + 2.4651) + 0.1346 + 0.0005 * sin(2π * 30.8776 * t + 3.2678) + 0.0657 + 0.0014 * sin(2π * 32.8457 * t + 2.9917) + 0.1851 + 0.0005 * sin(2π * 33.2312 * t + -2.0892) + 0.0635 + 0.0008 * sin(2π * 34.2396 * t + -1.5130) + 0.1117 + 0.0002 * sin(2π * 35.9407 * t + 2.0922) + 0.0328 + 0.0009 * sin(2π * 36.9276 * t + 3.2907) + 0.1227 + 0.0021 * sin(2π * 38.3766 * t + 4.3254) + 0.2839
11143576,27236348,9.043526919289911e-06,f(t) = 0.0033 * sin(2π * 15.0479 * t + -4.5370) + 0.1878 + 0.0144 * sin(2π * 15.7078 * t + -6.2832) + 0.8121
11704101,399867394,0.004040853,f(t) = 0.0083 * sin(2π * 2.8884 * t + -3.3438) + 0.0947 + 0.0691 * sin(2π * 5.8012 * t + -6.2832) + 0.7921 + 0.0087 * sin(2π * 11.6009 * t + -5.6772) + 0.1003
11852985,48503928,5.697039697276582e-06,f(t) = 0.0126 * sin(2π * 19.7203 * t + 3.9337) + 0.9999
